Times,LWAFDAAQGK5,AFIKLWAFDAAQGK6,AFIKLWAFDAAQGK7,TIAAcNLPIVQGPcR8,TIAAcNLPIVQGPcR9
0,0.4574781587327384,0.5699695879679938,0.5984722112317986,0.613794185236699,0.6589814109916508
0,0.44913318213434716,0.573674687627172,0.6019916870218316,0.6097220316974672,0.6276009748905478
8,0.5668905819434366,0.668803699046179,0.695513688006888,0.6867969365890951,0.7272982041781568
8,0.5661696148867578,0.683294749873265,0.6886998813981721,0.688674537245925,0.7477113263627886
24,0.6945712019481699,0.7536838270524193,0.7912222041710154,0.7790194297445238,0.7979309925040745
24,0.6922779048477004,0.7835999321265547,0.7938781715161962,0.7782499218709982,0.8203719811658565
48,0.7532447320893532,0.8295953655484908,0.8411997111082415,0.829881064802216,0.8231219366400053
48,0.7543548617642774,0.8121878557953782,0.8402521366358257,0.8285026657924787,0.873355320880511
96,0.7534072667348816,0.800424428796414,0.8452681926504935,0.8325087523941315,0.8467249198653208
96,0.756793227407834,0.8088716985851371,0.8444003623928782,0.8382357499318672,0.8353701474263281
168,0.7471760098939315,0.8009547522908204,0.8486642961326374,0.8383348411964391,0.854972159307221
168,0.7493303695961645,0.8084714161608437,0.8532420781246215,0.8415040680675613,0.8517178409232913
