Times,VWELSK5,DIPVNPLcIYR6
0,0.32878951155514696,0.5493903486396818
0,0.3293616299999877,0.5567121418226104
8,0.39757598632979524,0.6005783774984877
8,0.4017624349228518,0.6049612536873572
24,0.46117252451975804,0.6548453048065683
24,0.465612562901368,0.6542071361309444
48,0.4778873512720749,0.6959070621377346
48,0.4894285498845401,0.6882061865610053
96,0.5018662831091482,0.7191731465548202
96,0.5136389520666917,0.7078902538712369
168,,0.7232133950487142
168,0.5076436850798337,0.7246318511942073
