Times,LSPVAEEFRDR5,SNPTLNEYHTR6,VAPLGAELQESAR7,TQVQSVIDKASETLTAQ8,LAELKSNPTLNEYHTR9,QKLQELQGR10,WKEDVELYR11,LAELKSNPTLNEYHTR12
0,0.5166420704580481,0.5091041170040164,0.5651600716604827,0.6083514265376179,0.635429996696297,0.4281560959129138,0.49323782674687655,0.6250004318908904
0,0.5006752879655508,0.5082973642856463,0.645097468641609,0.6081718815176529,0.6353146475521203,0.41948206444228653,0.47798434826147146,0.6297657141440876
8,0.566971436921387,0.5515296764310147,0.6346749545352118,0.6650234454530076,0.679429758264282,0.4975450702356353,0.5356490631023908,0.6799813080390833
8,0.5716189322858126,0.5488117198671636,0.6243962008121449,0.6658545989965649,0.6811193642970148,0.4979093392128955,0.5448827492083408,0.674380827721443
24,0.6745406905807838,0.6162207113843193,0.7838701994667506,0.7473571030889736,0.7473813077703282,0.6086619709797406,0.6232562404040441,0.7392151285136711
24,0.6684226867099244,0.6117866812743513,0.7891758647350954,0.7566683796888575,0.7437044606044925,0.6066347476860077,0.6156496523430687,0.7385362376909554
48,0.7498564073209377,0.6737226061247136,0.8190489947618681,0.8330881999891128,0.8074528831313822,0.6965597180111462,0.675442699807837,0.809776802916112
48,0.7483544914051592,0.6729257899698307,0.8175822754186134,0.829922254476096,0.8057205709281552,0.6965785784971712,0.6822907164200512,0.8065299009981706
96,0.7825268984240941,0.6997522742070118,0.8640298228621937,0.8657287015915026,0.8364771773594822,0.7353171031696795,0.7140791472841416,0.8317523367192381
96,0.777183709911824,0.6987336202673822,0.8678155426525689,0.8644361606662717,0.8326004954922109,0.7346524212405476,0.7065965485534252,0.8302371211982751
168,0.794162464242313,0.8586312836724699,0.8689827576593281,0.8747639563856596,0.8473633485324837,,0.7224749193396749,0.8458361570209497
168,0.7928319345486802,0.7197321529641588,0.8695247861224252,0.8754721437040982,0.8472411093299697,0.7348795757335348,0.7203416324904581,0.8439099380778807
