Times,THEQLTPLVR5,THEQLTPLVR6,TSEIQSQAKAYFEK7,AYFEKTHEQLTPLVR8,AYFEKTHEQLTPLVR9,TSEIQSQAKAYFEKTHEQLTPLVR10,TSEIQSQAKAYFEKTHEQLTPLVR11,AKTSEIQSQAKAYFEKTHEQLTPLVR12,AKTSEIQSQAKAYFEKTHEQLTPLVR13
0,0.4761960395565116,0.4803330376813253,0.5897286113983305,0.6433197111802504,0.6394882298265466,0.7755111399526186,0.7725451251324367,0.7941811336307666,0.7929047755617762
0,0.4712947392948332,0.47614928498974946,0.5839050992490118,0.6435014268840473,0.6446429223810196,0.7751943237433475,0.7719345160139367,0.7948548800647196,0.7888520228799671
8,0.5439875195244903,0.5472933803050406,0.6599845245677852,0.7009618722505339,0.7028571832696449,0.8096852109681644,0.810264625454106,0.822663870923331,0.8232285040528833
8,0.542183350601286,0.5457696376339503,0.6603702160307758,0.7056906790022277,0.704919772377821,0.8115765993552273,0.8076648076976127,0.825140278831274,0.8263658379435224
24,0.6329402528788223,0.6349066960464932,0.7753812730618419,0.7817275730112885,0.7812916558506847,0.8728211850885828,0.8727589583450915,0.8823669597705326,0.8804917122164517
24,0.6321976030797241,0.6346075984888122,0.7660803995237043,0.7845538772633835,0.7855248813119693,0.8760219349554624,0.875276571037771,0.8821694539769944,0.8811890461594789
48,0.6886790508007982,0.6914342306216511,0.8378409439285884,0.8315953681782398,0.8328823466120818,0.9198967793975855,0.9206328277335171,0.9266329514098919,0.9265098629241183
48,0.6874809609025018,0.6890784618550995,0.8388917713199312,0.8300954614983352,0.8310542811437381,0.9207807384625459,0.9191658326701305,0.9269777891899813,0.9263145975422609
96,0.708980687401762,0.7039152876465954,0.8613971721355109,0.8499315786081605,0.849288798438702,0.9396452777022029,0.9410705102069723,0.9432727462331438,0.9465347527826207
96,0.7068339256883591,0.710372924857031,0.860031222195781,0.8496519649679161,0.8491354232543261,0.9377429724330014,0.9403415348945646,0.9470048960956141,0.9438902048726139
168,0.7186739249857471,,0.8648636076464588,0.8536897859559834,0.856554345036528,0.9415672351407202,0.9452122282319079,0.948462006038171,0.9510697369411282
168,0.7236605537270808,0.7222783530219529,0.8603081094539056,0.8549722285647391,0.856635591446667,0.9448176588594137,0.9450676666592868,0.9468419943854138,0.9503191231939289
