Times,GWMDNHFR5,TVQDALSSVQESDIAVVAR6,TVQDALSSVQESDIAVVAR7
0,0.4469300566281129,0.6457054664396182,0.6435187144825741
0,0.4518647738590246,0.6435738553687231,0.6531480364606244
8,0.5268427654579946,0.7505912443416091,0.7278959325029524
8,0.5220809589682825,0.7487409904944584,0.7179672309354369
24,0.6003139886418918,0.8691423942917397,0.17103250601427267
24,0.6059948717288346,0.8663650710723592,0.18224203122014124
48,0.6243255643535927,0.9031626274242531,0.8128402640878507
48,0.6318676249166156,0.9066505465218582,0.8538704556748126
96,0.6283617836052211,0.9045894175241014,0.25108635970694493
96,0.6302588298924569,0.9090612148712195,0.30949239476728496
168,0.6344823332219892,0.9117287790706147,0.29600824791924935
168,0.6433686901220917,0.9089672761803342,0.29194393312561645
