Peptides, PeptideUnique, RateConstants, Correlations, RootMeanRSS, AbsoluteIsotopeError
LPEcLEVK, Yes, 1.38279, 0.108458, 0.280823, 0.954632
ITcPPPPVPK, Yes, 0.00649, 0.955990, 0.031894, 0.010947
WSPDIPAcAR, Yes, 0.06480, 0.959421, 0.051151, 0.272314
TGTWSFLPTcR, Yes, 0.00981, 0.909757, 0.032491, 0.048691
VcPFAGILENGIVR, Yes, 0.95296, 0.973342, 0.075153, 0.482323
VcPFAGILENGIVR, Yes, 0.07120, 0.997006, 0.028213, 0.072585
FTcPLTGMWPINTLR, Yes, 0.02710, 0.951096, 0.030070, 0.100649
cTEEGKWSPDIPAcAR, Yes, 0.05358, 0.997742, 0.024437, 0.256314
cTEEGKWSPDIPAcAR, Yes, 0.06449, 0.988564, 0.024430, 0.062401
RFTcPLTGMWPINTLR, Yes, 0.01919, 0.961213, 0.031279, 0.011072
TSYDPGEQIVYScKPGYVSR, Yes, 0.00668, 0.999597, 0.043955, 0.116447
ATFGcHETYKLDGPEEAEcTK, Yes, 0.06897, 0.996174, 0.011883, 0.038715
DKATFGcHETYKLDGPEEAEcTK, Yes, 0.00051, 0.557370, 0.032385, 0.032273


MeanRateConst/CorrCutOff, 0.036390, 0.900000


MedianRateConst/RMSSCutOff, 0.027097, 0.050000
StandDev/NumberPeptides, 0.027892, 9
TotalIonCurrent, 3.45702e+10
