Times,TVYWDRDM5,HASMAEPKTVYWDRDM6
0,0.452825989929429,0.7380967790613839
0,0.46184193771140647,0.7638116943220086
8,,
8,,
24,0.6141936991011852,0.8759623312920216
24,0.6112652470844933,0.8904298911731835
48,0.6222772390624814,0.8782570392708298
48,0.6262811958040797,0.8805891979850352
96,0.6288655070675534,0.8879666229369023
96,0.6298786508413515,0.8950073450071246
168,0.6430823988208657,0.9008212921132349
168,0.6409739984630152,0.9048404337891973
