Times,AGWNLQVSK5,ELNcGAVIQTPR6
0,0.471906200454058,0.49827829400336504
0,0.47421903619209,0.5153696897762958
8,0.4892999275056073,0.5563153023721198
8,0.4886854841716856,0.5712594339421263
24,0.5720761562441461,0.650794611527617
24,0.5697884696266893,0.6510900143999355
48,0.619281138665347,0.7158383083604215
48,0.6293926730718051,0.7079734964321259
96,0.6606515335405823,0.7566619154823302
96,0.6525178757637257,0.7516466534167279
168,0.6591297554213661,0.7767914609953571
168,0.6723494558890426,0.769268548644106
