Times,VKDASEVVTPR5,STGSWSDLQTR6,TcRSTGSWSDLQTR7
0,0.4744398763027518,0.4688905091690409,0.5824763954486205
0,0.453362610614737,0.468896192789838,0.58882501255588
8,0.5850919786427321,0.5870506818792938,0.6769013238661054
8,0.5871503841016424,0.5826348197815566,0.6637817230841427
24,0.6679245202507408,0.6683628054058507,0.7620118977441711
24,0.682962893092021,0.6713109608561699,0.752705691393588
48,0.7247977461022462,0.7168422263592374,0.8043067216701071
48,0.7210409407847211,0.7155542928638065,0.8011471309387784
96,0.7262188106913189,0.7312599691476801,0.8249775615886167
96,0.7182568364051489,0.7282344028549035,0.8175720261203662
168,,0.694054404081441,0.8091599078777357
168,0.7462043207231015,0.7385381064027059,0.8311898196774465
