Times,ILGGQEAAAHAR5,ILGGQEAAAHAR6,DTcRGDSGSPLVcGDAVEGVVTWGSR7,TYHDGVVTINMMcAESNRR8
0,0.4715029622857901,0.47331797941025067,0.7600241187431547,0.7138261948894578
0,0.46842940509929937,0.4672217683564647,0.7650471232451745,0.7095243214195253
8,0.5606762940379989,0.5484407440004726,0.7942756006931253,0.7390968759394269
8,0.5580033046152817,0.5533060161862622,0.8003730727419505,0.7482610308775212
24,0.717558585656039,0.7189494202536251,0.8650133006622187,0.8200586040461277
24,0.7165798870304755,0.7132018504909017,0.8649127826369507,0.8088123893735758
48,0.8044670806935326,0.8019159147647861,0.9021362718508701,0.8510318660669273
48,0.8047900996085646,0.8057778466520441,0.909966383257794,0.8559451436540453
96,0.8264151809274684,0.826711205599826,0.9243240063377944,0.8787468161156231
96,0.8316128413905473,0.8260016465328189,0.924820808132185,0.8779667208656565
168,0.9354285224055592,,0.9338227533958325,0.8864976722627418
168,0.8314828045746625,0.8354771392491204,0.9304293975778967,0.8809824034357523
