Peptides, PeptideUnique, RateConstants, Correlations, RootMeanRSS, AbsoluteIsotopeError
IKSLLPK, Yes, 0.00594, 0.943585, 0.016400, 0.053539
TKTEGLVQVK, Yes, 0.02176, 0.976481, 0.022638, 0.057857
VFcQPWQR, Yes, 0.01610, 0.963184, 0.028941, 0.025217
SFEcLHPEIK, Yes, 0.01761, 0.969463, 0.027724, 0.037030
SFEcLHPEIK, Yes, 0.02313, 0.965687, 0.035477, 0.051495
GVETSLAEcAFTKR, Yes, 0.02735, 0.988228, 0.024907, 0.034386
IKSLLPKLScGVKR, Yes, 0.01049, 0.990132, 0.025653, 0.104741
IKSLLPKLScGVKR, Yes, 0.01404, 0.957722, 0.033236, 0.079799
ScNKVFcQPWQR, Yes, 0.02312, 0.985286, 0.027747, 0.031089
ScNKVFcQPWQR, Yes, 0.02403, 0.988629, 0.028345, 0.109736
VANYFDWISYHVGR, Yes, 0.02008, 0.971243, 0.022966, 0.022725
TKTEGLVQVKLVDQDER, Yes, 0.05377, 0.994493, 0.014365, 0.097550
cIEGTcIcKLPYQcPR, Yes, 0.02637, 0.993241, 0.016790, 0.048722
cIEGTcIcKLPYQcPR, Yes, 0.02973, 0.994874, 0.020797, 0.041144
SAQGEAEIETEETEMLTPGMDNERKR, Yes, 0.02964, 0.996830, 0.006458, 0.023724


MeanRateConst/CorrCutOff, 0.022877, 0.900000


MedianRateConst/RMSSCutOff, 0.023119, 0.050000
StandDev/NumberPeptides, 0.010961, 15
TotalIonCurrent, 2.68006e+10
