Times,SVQLMER5,SVQLmER6,SVQLMERR7,LITQGENcIK8,MDKAGQYTDKGLR9,ccEDGMRDIPMR10,SELEEDIIPEEDIISR11,SSATTFRLLWENGNLLR12
0,0.3829671675001317,0.38631044349186766,0.4347559900269441,0.4750063814947295,0.5524877758267915,0.5626973556358412,0.6216463333255694,0.6391121379353049
0,0.3816010532450042,0.37480847386399946,0.42762320127728815,0.4774883198518483,0.6097518643910209,0.5752532988154575,0.6293835742519859,0.6605198229153711
8,0.48594577830476443,0.4903971613544464,0.5362239673693664,0.5671456704690603,0.6533304342354981,0.6820771874377274,0.7348414070078021,0.7421675022774102
8,0.4818056880685343,0.46424928199759646,0.5299310576886644,0.579849722404199,0.6432625031986304,0.6480226822636576,0.7300940888345724,0.7401573896498125
24,0.6059224753826561,0.5915716733893088,0.648607845009888,0.6853235576695165,0.7653373521326889,0.7669457654744275,0.9210975894890008,0.8169023667307348
24,0.6027561794654821,0.5891034679522755,0.6506380459659903,0.6830984826617443,0.7574138969646245,0.754983736297612,0.8687231763432415,0.8335840391954873
48,0.6374158183766453,0.6375482652735791,0.6875624015719547,0.7053068004321028,0.8058492742565334,0.8023529176482271,0.9071199562400019,0.8475934518986133
48,0.6358462449840567,0.6416466360375751,0.6832300813383434,0.7043528397593681,0.8022575912812555,0.7852824120004825,0.9096816719170491,0.8528801515643273
96,0.641807046660244,0.6452656321353875,0.6893418839038749,0.7054774033563369,0.8025590931330882,0.8008242769487313,0.9022500565599226,0.8488078913816136
96,0.6379757599781529,0.6382749782552379,0.6889956048269604,0.714707467692592,0.7910199753206827,0.809395663168939,0.8765186208786816,0.8416268980408934
168,0.7070623513597353,,0.165143299767622,0.6279722351546959,0.5055888767720829,0.8099067213072005,0.9072647866219239,0.8585598858347249
168,0.6484432353011476,0.6391288557743668,0.6970380998646167,0.712603598127108,0.8161151474443489,,0.911471099622786,0.8576591900241257
