Times,NVNFQKAVSEK5,TLEIPGSSDPNIVPDGDFSSLVR6
0,0.49203247830952324,0.7191599442453891
0,0.48977617975807186,0.7204279733030308
8,0.6264862725862559,0.7625821582219372
8,,
24,0.7005416343574861,0.8261897716644043
24,0.7034255759201298,0.8349627496388071
48,0.7445002900420615,0.8801948212751903
48,0.7402351164321068,0.8797205478254523
96,0.7340042265413439,0.9060950436449285
96,0.7332483672998458,0.9004548854933012
168,0.17044666508244943,0.9220908613020452
168,0.7498285449424777,0.9228932164773921
