Times,cEGFVcAQTGR5,SQVRcEGFVcAQTGR6
0,0.49170346317145874,0.6161687513478926
0,,
8,,
8,,
24,0.6704762836917009,0.7705891811809914
24,0.656708435658686,0.7679125073853356
48,0.6968339852612301,0.825038588185329
48,0.6832271671641428,0.8301447984674344
96,0.7681339119455134,0.8788363860243189
96,0.7605240689892578,0.855620554636947
168,,0.8936878978637991
168,0.7213870614500479,0.8568519383995115
