Times,WLNIQLSSR5,ALGLDEGEPAGSWDLTVEGR6,ALGLDEGEPAGSWDLTVEGR7,AAHSQcAYSNPEGTVLLAcEESR8,ALGLDEGEPAGSWDLTVEGRAAHSQcAYSNPEGTVLLAcEESR9,AAHSQcAYSNPEGTVLLAcEESR10
0,0.45697927748159917,0.6598929900022983,0.5382469833319617,0.7414561965940959,0.8921049453154463,0.7468064686808317
0,0.46201088873041557,0.6638326859224705,0.5740477872369325,0.7402475235384296,0.8956691672898731,0.7280782025493572
8,0.5009942137018538,0.7081031151314314,0.6688015135220021,0.7726387049460396,0.8905542967959308,0.7890760662496071
8,0.5048346242266714,0.7088447723253035,0.6262130433441845,0.770313013517363,0.8905236391886404,0.7530287903143505
24,0.5721311400632046,0.7793399388701512,0.6810856348554052,0.8269657609935972,0.9055160019046933,0.8317208229725775
24,0.5765056065027313,0.7831163473609544,0.7041812853157701,0.8263773182531996,0.9367824493104072,0.8269204096874
48,0.6288958268337498,0.8509466481449557,0.6831613284816344,0.8864154273373027,,
48,0.6309778205013393,0.8533185290085421,0.6789395066997735,0.8877216843329836,,
96,0.6603302146183999,0.888023382553436,0.5297773566805571,0.9310164875119398,,
96,0.6642326078301419,0.890570031421013,0.5421175626650276,0.9330352608946015,,
168,0.6776971698211318,0.9119568725738395,0.8117078642509619,0.9494861716028287,,
168,0.6750359598078997,0.9125480401237586,0.7661980250802266,0.9476156366457161,,
