Times,NYVVTDHGScVR5,NYVVTDHGScVR6,AcGPDYYEVEEDGIRK7,AVNHVcNPLcSSEGcWGPEPR8
0,0.532386422769782,0.5370021313564844,0.6308140692898143,0.7308080055761961
0,0.5307914221492145,0.5300177437189806,0.6381265058212606,0.731492840642064
8,0.5731551860183248,0.577384338947173,0.6719351118827999,0.7343093793720533
8,0.5685406051219095,0.572289035988118,0.6860877779248432,0.7332119240323239
24,0.6376945712639429,0.637224488208464,0.7477014593466641,0.8045290355947474
24,0.6355041082587686,0.6362824954336207,0.760442879526837,0.8122437756535835
48,0.6978526649220768,0.6970287727422192,0.8200282975101889,0.787990820782033
48,0.6981053735253361,0.6997196244687165,0.8156977404776035,0.760225087048696
96,0.7317136269579899,0.7348354914038303,0.8791401674367324,0.9090705651599432
96,0.7254625124973795,0.7354354760672076,0.8625120325204146,0.8891369138458678
168,,0.7497838934165694,0.8622917774945709,0.8790464116791209
168,0.7526016600811707,0.7495257435854163,0.8823816575551143,0.8898889666498982
