Times,LVVLPFPGKEQR5,LVVLPFPGKEQR6,SQAScSLQHSDSEPVGIcQGSTVQSSLR7
0,0.5407049321325776,0.4752635921938515,0.786181851741342
0,0.5424115188038365,0.4688987051903148,0.7864070326216743
8,,,
8,,,
24,0.6777167834878822,0.6532698663636288,0.861172797151933
24,0.6759569408275795,0.6566705474935262,0.860191546502285
48,0.7326749009159432,0.5883603354543603,0.9246482980357277
48,0.7316922464582062,0.5873534156126876,0.9213425034666514
96,0.7555796584758059,0.722757130512091,0.9530564021347065
96,0.7568205327232572,0.719809988905817,0.9521983304085185
168,0.7664584314007079,0.662138462244318,0.9486436845886733
168,0.7686418054668436,0.6828925613831676,0.9582925435580999
