Times,QYLPALK5,SQLQEAPPEWK6,MSPVPDLVPGSFK7,SQLQEAPPEWKALTEMR8
0,0.36742055983779476,0.5217741938696135,0.5404596719729929,0.6721070458935295
0,0.3681632834515956,0.5134805572312737,0.5476591038124446,0.6721301323790073
8,0.35818730497724377,0.5307661736745146,0.5495571213991791,0.6800694714025985
8,0.3596307795073745,0.5327626825460153,0.5438246982481483,0.6846861254228364
24,0.4077996227846105,0.6262516429181146,0.5860275373302835,0.7580693753538683
24,0.41277567438533086,0.6230487478875797,0.5813008649740807,0.7622169320185426
48,0.5179904810729684,0.7295200389705482,0.6715283464592228,0.8290561663034952
48,0.5164344405137331,0.7313931632973084,0.6646274830204236,0.8321113256359093
96,0.5641206702062834,0.7753945575092657,0.7014424571654856,0.8738214083886788
96,0.558544579106427,0.7775115400475352,0.7113833904703719,0.8704830379046267
168,0.5741434387329426,0.8068062918417707,0.7316338519146919,0.8988189275371525
168,0.586370421210725,0.8058788102107008,0.7290738297495578,0.9007222502360109
