Peptides, PeptideUnique, RateConstants, Correlations, RootMeanRSS, AbsoluteIsotopeError
VDPVNFK, Yes, 0.00338, 0.980995, 0.022370, 0.078602
MFASFPTTK, Yes, 0.00393, 0.984509, 0.022403, 0.037479
mFASFPTTK, Yes, 0.00856, 0.849008, 0.080701, 0.060559
IGGHGAEYGAEALER, Yes, 0.00566, 0.992799, 0.040614, 0.027878
IGGHGAEYGAEALER, Yes, 0.00576, 0.991304, 0.030872, 0.026954
VLSGEDKSNIKAAWGK, Yes, 0.00489, 0.992044, 0.036022, 0.033152
VLSGEDKSNIKAAWGK, Yes, 0.00545, 0.982550, 0.022406, 0.036337
VLSGEDKSNIKAAWGK, Yes, 0.00486, 0.978487, 0.025237, 0.030043
TYFPHFDVSHGSAQVK, Yes, 0.00530, 0.975842, 0.014975, 0.091487
AAWGKIGGHGAEYGAEALER, Yes, 0.00657, 0.992518, 0.028756, 0.030328
IGGHGAEYGAEALERMFASFPTTK, Yes, 0.23247, 0.879803, 0.055998, 0.251465
VLSGEDKSNIKAAWGKIGGHGAEYGAEALER, Yes, 0.00602, 0.975533, 0.017732, 0.031978
VLSGEDKSNIKAAWGKIGGHGAEYGAEALER, Yes, 0.00585, 0.966764, 0.014239, 0.028275
VLSGEDKSNIKAAWGKIGGHGAEYGAEALER, Yes, 0.00604, 0.963994, 0.014732, 0.033923


MeanRateConst/CorrCutOff, 0.005308, 0.900000


MedianRateConst/RMSSCutOff, 0.005659, 0.050000
StandDev/NumberPeptides, 0.000918, 12
TotalIonCurrent, 7.48771e+10
