Times,LLVVYPWTQR5,YFDSFGDLSSASAIMGNAK6,LLVVYPWTQRYFDSFGDLSSASAIMGNAK7
0,0.5271093424999547,0.6647165208207647,0.8184464258226224
0,0.5257554070786649,0.6660317484564505,0.824715330096858
8,0.5229031266660693,0.6625663675462783,0.819408252820597
8,0.5227519779801402,0.6628986112490043,0.8152536747060908
24,0.533330490310798,0.6693944249391884,0.82569127856682
24,0.5337337403808236,0.6696527479769733,0.8283090792406496
48,0.5421241432630041,0.6536314281585186,0.6802716760543482
48,0.5499418725646408,0.6045213431808224,0.5378850065637638
96,0.6029475695664849,0.7513462565989893,0.8119733725839016
96,0.5974680441291778,0.7639332438036427,0.857075499738662
168,0.6517605874549972,0.838296360430896,0.7841428764917455
168,0.6625969821710374,0.8343825815688104,0.7829397525999233
