Peptides, PeptideUnique, RateConstants, Correlations, RootMeanRSS, AbsoluteIsotopeError
WFWDFATR, Yes, 0.00962, 0.967633, 0.019731, 0.095758
RLWWLDLK, Yes, 0.00916, 0.955781, 0.017072, 0.062007
YYcFQGNKFLR, Yes, 0.01008, 0.965172, 0.018445, 0.085242
YYcFQGNKFLR, Yes, 0.01193, 0.982614, 0.012610, 0.016521
GATYAFTGSHYWR, Yes, 0.01120, 0.999462, 0.032028, 0.079681
GATYAFTGSHYWR, Yes, 0.01332, 0.975400, 0.020054, 0.055203
cSPDPGLTALLSDHR, Yes, 0.01336, 0.983668, 0.018691, 0.025405
cSPDPGLTALLSDHR, Yes, 0.00910, 0.973930, 0.021039, 0.081211
SLPQPQKVNSILGcSQ, Yes, 0.01433, 0.985515, 0.019038, 0.007077
RLEKELGSPPGISLETIDAAFScPGSSR, Yes, 0.01844, 0.988531, 0.009977, 0.042536


MeanRateConst/CorrCutOff, 0.012055, 0.900000


MedianRateConst/RMSSCutOff, 0.011932, 0.050000
StandDev/NumberPeptides, 0.002922, 10
TotalIonCurrent, 5.244e+10
