Times,VLPAGGPAVTcVR5,WcVVSDHEATK6
0,0.5517591764590587,0.5147825949027608
0,0.5518838719359288,0.5026265599406202
8,0.6309340423709511,0.6036016409541511
8,0.6279068986999174,0.6143058229409981
24,0.7088931899408183,0.69953844759705
24,0.7133252287550842,0.6952230908598894
48,0.7554698437406172,0.748218309484534
48,0.7552128404550791,0.7278091154025308
96,0.7687823781446379,0.7497544287694204
96,0.7700680981550193,0.7432304153892324
168,0.7798409735562696,0.5482834934686387
168,0.774601012355537,0.7544842267304938
