Times,SILEGSDEYLVcK5,GFSPADISVQWLQR6,TGGKYLATSQVLLSPK7,LIcEATNFTPKPITVSWLK8,TVDKSTGKPTLYNVSLIMSDTGGTcY9
0,0.5831986380164921,0.5871485953554791,0.5931928180230669,0.7268629781756796,0.7769752014482758
0,0.589957401139635,0.5874047976406389,0.5980536665552694,0.7215619820790632,0.7761739121666624
8,0.6239274405871814,0.6197724848894218,0.625942362811796,0.7337426636656911,0.7931832458096942
8,0.6319312678131562,0.6096195383774493,0.6357264081406027,0.7407399417086453,0.7961668962462632
24,0.6805988839882937,0.6673231262492054,0.6785950313337021,0.7734662540990699,0.828958118592995
24,0.68153813164935,0.6642794145407188,0.6789734155638687,0.7700923813746519,0.8261346665540236
48,0.7458956236017726,0.7251909273382238,0.7291412495486902,0.7996666822865679,0.8557358363189727
48,0.7544947514286509,0.7374992397970511,0.7191466031651157,0.7700423984373151,0.8602468501602586
96,0.7889028346958764,0.7949953264318845,0.7837247133789469,0.8320962770454245,0.8915297171036899
96,0.7928780232295726,0.7930848075638892,0.7773259550493191,0.8368999872652755,0.8909465977011862
168,0.8226108706123445,0.8232962718358657,0.7997891153150685,0.8619090132289126,0.9048829104028775
168,0.8198915291413299,0.8246024901633159,0.798039207603348,0.8500141060801942,0.9003999967294049
