Times,SPLQLLGKR5,NSYPHFYDGSEIVVAGR6
0,0.391978367435243,0.6433741356948404
0,0.3926041313184023,0.6463595780203065
8,,
8,,
24,0.6247099447143883,0.8212995110368828
24,0.6422997346159207,0.8218406692986434
48,0.6328062784670698,0.8619481580524404
48,0.6436778701341419,0.8604963011293947
96,0.6415850529453482,0.866559492702539
96,0.5981082089031213,0.8722904920524465
168,0.6398992853704595,0.8773243417964074
168,0.6575032512262701,0.8819147702606698
