Times,LMTVLKGSR3,LQDQGPDVLLAK4
0,,
0,0.4269780573525684,0.4741146545775311
8,0.49140394066165344,0.6323652313567746
8,,
24,,
24,,
48,,
48,,
96,,
96,,
168,,
168,,
