Peptides, PeptideUnique, RateConstants, Correlations, RootMeanRSS, AbsoluteIsotopeError
PPGFSPFR, Yes, 0.01185, 0.946902, 0.088226, 0.388620
SGNQYMLHR, Yes, 0.01561, 0.976110, 0.026046, 0.063803
cQALDMTEMAR, Yes, 0.02844, 0.993348, 0.017670, 0.034823
cQALDMTEmAR, Yes, 0.02847, 0.995153, 0.012925, 0.096759
cQALDmTEmAR, Yes, 0.01788, 0.975767, 0.025512, 0.058351
ENEFFIVTQTcK, Yes, 0.02327, 0.983057, 0.018351, 0.055738
VIEGTKTDGSPTFYSFK, Yes, 0.02142, 0.974021, 0.020781, 0.052306
VIEGTKTDGSPTFYSFK, Yes, 0.02298, 0.982091, 0.019737, 0.034331
ATSQVVAGTKYVIEFIAR, Yes, 0.02414, 0.982062, 0.019931, 0.062219
KATSQVVAGTKYVIEFIAR, Yes, 0.03102, 0.983678, 0.020636, 0.097801
RPPGFSPFRSVTVQETKEGR, Yes, 0.02142, 0.978028, 0.020446, 0.027966
ATSQVVAGTKYVIEFIARETK, Yes, 0.02424, 0.980056, 0.018357, 0.095614
ATSQVVAGTKYVIEFIARETK, Yes, 0.02592, 0.990511, 0.013539, 0.039306
VIEGTKTDGSPTFYSFKYLIK, Yes, 0.01852, 0.978841, 0.012790, 0.073617
KATSQVVAGTKYVIEFIARETK, Yes, 0.02497, 0.987226, 0.013710, 0.055109
AYFPcIGcVHAISTDSPDLEPVLK, Yes, 0.02649, 0.990993, 0.011722, 0.045361
SGNQYMLHRVIEGTKTDGSPTFYSFK, Yes, 0.02221, 0.979907, 0.011894, 0.042633


MeanRateConst/CorrCutOff, 0.023561, 0.900000


MedianRateConst/RMSSCutOff, 0.024142, 0.050000
StandDev/NumberPeptides, 0.004105, 16
TotalIonCurrent, 2.95868e+10
