Peptides, PeptideUnique, RateConstants, Correlations, RootMeanRSS, AbsoluteIsotopeError
YGAVTFSR, Yes, 0.05822, 0.807378, 0.074601, 0.056241
HTSSWLVTPK, Yes, 0.00808, 0.971977, 0.014523, 0.029152
YTYGKPVPGHVK, Yes, 0.00591, 0.969474, 0.020936, 0.096070
FSTSQSLPASQTR, Yes, 0.01487, 0.983861, 0.021955, 0.029861
LQVTASPQSLcGLR, Yes, 0.01682, 0.989161, 0.018077, 0.018908
AHFSVMGDILSSAIR, Yes, 0.01471, 0.983045, 0.019621, 0.051028
AHFSVMGDILSSAIR, Yes, 0.01988, 0.985022, 0.037463, 0.226617
MSLVLPPTVVKDSAR, Yes, 0.01160, 0.973658, 0.018835, 0.067015
LSSSDEEDFLYVDIKGPTHEFSK, Yes, 0.01502, 0.967605, 0.016774, 0.058694


MeanRateConst/CorrCutOff, 0.013361, 0.900000


MedianRateConst/RMSSCutOff, 0.014869, 0.050000
StandDev/NumberPeptides, 0.004597, 8
TotalIonCurrent, 1.74688e+10
