Times,HGGPFcAGDATR5,HGGPFcAGDATR6,MSINcEGTPGQQSR7
0,0.48672396892303443,0.4758559447741418,0.5686818124145293
0,0.49020758979803786,0.4786531097983056,0.5707833893663562
8,0.5170293163571548,0.5059243585229539,0.5922345070429483
8,0.507482042202716,0.48390157580120924,0.5938945222083348
24,0.575839855539071,0.5818551999164967,0.6510101563169268
24,0.5703985151476366,0.5670792216911272,0.65431702024188
48,0.646988542755,0.629268197280151,0.7248674862201335
48,0.6411924198680828,0.6191583694842051,0.7188151859415137
96,0.7218318122637726,0.7246799080268133,0.7900753999245794
96,0.7132344773825671,0.6951458065326153,0.7860828159718588
168,,,
168,0.7558041007122004,0.7288146590555225,0.8208573100661558
