Peptides, PeptideUnique, RateConstants, Correlations, RootMeanRSS, AbsoluteIsotopeError
LLLQEVR, Yes, 0.00281, 0.991424, 0.021195, 0.067327
IVKWISK, Yes, 0.00138, 0.962926, 0.036850, 0.104962
ALSFYQPR, Yes, 0.01018, 0.964485, 0.025107, 0.054439
TVSWAVTPK, Yes, 0.00818, 0.964578, 0.016568, 0.025909
SELLESLNK, Yes, 0.01191, 0.959149, 0.029624, 0.087264
KTVSWAVTPK, Yes, 0.00811, 0.963275, 0.015556, 0.027767
VKALSFYQPR, Yes, 0.01054, 0.971448, 0.021318, 0.038384
VKALSFYQPR, Yes, 0.00974, 0.968494, 0.022027, 0.072217
DLSSSDLSTASK, Yes, 0.01581, 0.989722, 0.018112, 0.034192
LPDLPGNYVTK, Yes, 0.00461, 0.991212, 0.010194, 0.111837
KLQDQPNIQR, Yes, 0.01300, 0.986171, 0.018220, 0.058526
AINYLISGYQR, Yes, 0.01213, 0.982688, 0.018475, 0.030584
LSPQSIYNLLPGK, Yes, 0.00996, 0.963709, 0.022638, 0.064781
DLSSSDLSTASKIVK, Yes, 0.01350, 0.987335, 0.019838, 0.062263
DLSSSDLSTASKIVK, Yes, 0.01484, 0.991079, 0.014203, 0.030348
SQKEVLVTIESSGTFSK, Yes, 0.01266, 0.983781, 0.018602, 0.085599
DLSSSDLSTASKIVKWISK, Yes, 0.01349, 0.982340, 0.014838, 0.042231
QQNSHGGFSSTQDTVVALQALSK, Yes, 0.01521, 0.993285, 0.017312, 0.117628
AMGVPMMGLDYSDEINQVVEVR, Yes, 0.01728, 0.977332, 0.017862, 0.284817
AAPLSLcALTAVDQSVLLLKPEAK, Yes, 0.01710, 0.977155, 0.016110, 0.017203
AAPLSLcALTAVDQSVLLLKPEAK, Yes, 0.02247, 0.987258, 0.011040, 0.267242
HSLGDNDAHSIFQSVGINIFTNSK, Yes, 0.01551, 0.985111, 0.013183, 0.031940
VKAAPLSLcALTAVDQSVLLLKPEAK, Yes, 0.01927, 0.768596, 0.088363, 0.127367
HSLGDNDAHSIFQSVGINIFTNSKIHKPR, Yes, 0.01354, 0.980319, 0.010937, 0.038552
FcQEFQHYPAMGGVAPQALAVAASGPGSSFR, Yes, 0.01646, 0.995971, 0.005462, 0.021864
FcQEFQHYPAMGGVAPQALAVAASGPGSSFR, Yes, 0.00000, -2.000000, 0.206043, 0.268011
FcQEFQHYPAmGGVAPQALAVAASGPGSSFR, Yes, 0.02449, 0.980734, 0.008011, 0.163633


MeanRateConst/CorrCutOff, 0.012597, 0.900000


MedianRateConst/RMSSCutOff, 0.012995, 0.050000
StandDev/NumberPeptides, 0.005324, 25
TotalIonCurrent, 4.97383e+10
