Times,HLIFEK5,GcINQLLcK6,RGcINQLLcKLSKESEAAPSScccHcR7
0,0.3599266550608809,0.4579858463252665,0.8289843407827903
0,0.3585957380961087,0.46352684685657697,0.8212484831076496
8,0.4483618703295695,0.5648953886066491,0.87304437888417
8,0.4450741141979904,0.5738360199248618,0.8798649858395616
24,0.4979032980150149,0.6189098714238043,0.9208765892693828
24,0.502636105938033,0.6280779390326694,0.9284034599060573
48,0.5230133301946768,0.6600673519081596,0.9403220306409585
48,0.5221166704790586,0.667575518436055,0.9506023386119534
96,0.5275923543550354,0.6636690592564226,0.9504105624095497
96,0.5321124875457091,0.6644053198042944,0.968313573953785
168,0.33765260895543686,0.6418500248605218,0.965781997437916
168,0.5395418040716988,0.6668106337047114,0.9524155777464927
