Times,AVLDVAETGTEAAAATGVIGGIR5,AVLDVAETGTEAAAATGVIGGIR6,AVLDVAETGTEAAAATGVIGGIRK7
0,0.7136466174788512,0.6763193074631831,0.704155201043096
0,0.7230376628708486,0.6758102822819765,0.6921464732571793
8,,,
8,,,
24,0.8297839109534814,0.7880492273473968,0.8112761062849702
24,0.8262215869969627,0.7817230228529478,0.8218072382563494
48,0.9208269821340328,0.8388627341375009,0.8744492294873363
48,0.8897710387192131,0.8561614496830559,0.8909243582116871
96,0.939544098167848,0.9123479726967337,0.5800668728317347
96,0.931911124504528,0.9128068887140885,0.8807447417484546
168,,0.4767971521431197,0.9728434162366093
168,,0.9246298074915438,0.9387564983524288
