Peptides, PeptideUnique, RateConstants, Correlations, RootMeanRSS, AbsoluteIsotopeError
TTVVMTPR, Yes, 0.00548, 0.918598, 0.019996, 0.090881
YQDFDPEVK, Yes, 0.05960, 0.998553, 0.018927, 0.068696
ETFMDcLEGR, Yes, 0.04114, 0.985296, 0.025288, 0.030492
TTDAEFHTFFNEK, Yes, 1.14092, 0.091898, 0.121936, 0.992094
TTDAEFHTFFNEK, Yes, 0.02634, 0.981784, 0.027249, 0.261915
KPRETFMDcLEGR, Yes, 0.03808, 0.987741, 0.024937, 0.063961
TFGLGEADcGLRPLFEK, Yes, 0.01565, 0.949549, 0.044835, 0.090494
SGGSKDNLSPPLGQcLTER, Yes, 0.03715, 0.978353, 0.031090, 0.027652
SGGSKDNLSPPLGQcLTER, Yes, 0.03761, 0.977597, 0.034491, 0.088280
SLKDTTEKELLDSYIDGR, Yes, 0.06399, 0.996639, 0.021960, 0.287350
LYQGNLAVTTLGSPcLPWNSLPAK, Yes, 0.04988, 0.995207, 0.041266, 0.240785
GRLYQGNLAVTTLGSPcLPWNSLPAK, Yes, 0.03382, 0.959461, 0.022178, 0.056994
LYQGNLAVTTLGSPcLPWNSLPAKTLSK, Yes, 0.05044, 0.996016, 0.009554, 0.076344


MeanRateConst/CorrCutOff, 0.038264, 0.900000


MedianRateConst/RMSSCutOff, 0.038076, 0.050000
StandDev/NumberPeptides, 0.016944, 12
TotalIonCurrent, 2.14058e+10
