Peptides, PeptideUnique, RateConstants, Correlations, RootMeanRSS, AbsoluteIsotopeError
VLEPTLK, Yes, 0.01050, 0.914195, 0.033640, 0.052776
SRLSHLIK, Yes, 0.00688, 0.882371, 0.038995, 0.037114
QLTSFIEK, Yes, 0.12792, 0.978963, 0.044283, 0.187063
SLSLILYSR, Yes, 0.01614, 0.962338, 0.038933, 0.066258
TQVPEVFLSK, Yes, 0.02213, 0.966012, 0.039311, 0.074348
RTQVPEVFLSK, Yes, 0.01975, 0.963041, 0.042738, 0.047950
RTQVPEVFLSK, Yes, 0.01935, 0.963161, 0.041970, 0.087848
TQVPEVFLSKVLEPTLK, Yes, 0.03591, 0.973941, 0.023575, 0.047119
RTQVPEVFLSKVLEPTLK, Yes, 0.03688, 0.967371, 0.026281, 0.046999
RTQVPEVFLSKVLEPTLK, Yes, 0.03528, 0.955964, 0.028855, 0.074319
ScESDAPFPVHPGTPEccTK, Yes, 0.05571, 0.990029, 0.023479, 0.025356
DLcGQSTTQAMDQYTFELSR, Yes, 0.07026, 0.994930, 0.008999, 0.079853
DLcGQSTTQAMDQYTFELSR, Yes, 0.07930, 0.977518, 0.018219, 0.112524
ccESTSEDcMASELPEHTIK, Yes, 0.06920, 0.996163, 0.013902, 0.040811
RTQVPEVFLSKVLEPTLKTLR, Yes, 0.03686, 0.968082, 0.021767, 0.050151
EccDTQDSVAcFSTQSPLLKR, Yes, 0.06592, 0.995534, 0.012307, 0.022900
DLcGQSTTQAMDQYTFELSRR, Yes, 0.01547, 0.998989, 0.039575, 0.066199
TKTPNTSPAELKDMVEKHSDFASK, Yes, 0.04806, 0.981315, 0.018918, 0.037450
TKTPNTSPAELKDMVEKHSDFASK, Yes, 0.04198, 0.980397, 0.018529, 0.028270
TLREccDTQDSVAcFSTQSPLLK, Yes, 0.00366, 0.521550, 0.062161, 0.260176
ScESDAPFPVHPGTPEccTKEGLER, Yes, 0.04939, 0.991226, 0.014124, 0.018637
ScESDAPFPVHPGTPEccTKEGLER, Yes, 0.05063, 0.991135, 0.014369, 0.032346
TLREccDTQDSVAcFSTQSPLLKR, Yes, 0.05746, 0.996313, 0.008861, 0.026523
TLREccDTQDSVAcFSTQSPLLKR, Yes, 0.05479, 0.993774, 0.012792, 0.066666
LAQKVPTANLENVLPLAEDFTEILSR, Yes, 0.04121, 0.980605, 0.014718, 0.075608
TSELSVKScESDAPFPVHPGTPEccTK, Yes, 0.04974, 0.988950, 0.013466, 0.022105
TSELSVKScESDAPFPVHPGTPEccTK, Yes, 0.04945, 0.995196, 0.010646, 0.037487
QLTSFIEKGQEMcADYSENTFTEYKK, Yes, 0.01830, 0.980466, 0.020183, 0.093027
QLTSFIEKGQEMcADYSENTFTEYKKK, Yes, 0.06083, 0.995501, 0.007823, 0.030132
TSELSVKScESDAPFPVHPGTPEccTKEGLER, Yes, 0.05015, 0.994000, 0.007554, 0.019584
VLEPTLKTLREccDTQDSVAcFSTQSPLLKR, Yes, 0.05255, 0.993277, 0.007252, 0.021045
VLEPTLKTLREccDTQDSVAcFSTQSPLLKR, Yes, 0.04144, 0.981726, 0.010975, 0.013007
KFSSSTFEQVNQLVKEVVSLTEEccAEGADPTcYDTR, Yes, 0.00000, -2.000000, 0.243826, 0.101004


MeanRateConst/CorrCutOff, 0.043263, 0.900000


MedianRateConst/RMSSCutOff, 0.048060, 0.050000
StandDev/NumberPeptides, 0.018250, 29
TotalIonCurrent, 4.88435e+10
