Times,RVDSVNPPYPR5,RVDSVNPPYPR6,SIAQYWLGcPTSEK7
0,0.5149117371091799,0.5182941661187234,0.6045629645841759
0,0.5139501729543114,0.5175481383691142,0.6140398753626942
8,0.6012104505071726,0.6082374918419121,0.4608041280060145
8,0.6030215964450326,0.6058372397220545,0.47899689946938406
24,0.6665262648895632,0.6771432278056303,0.5327065752562359
24,0.6675958600080686,0.6784420890034636,0.5381416016545305
48,0.6983659715241841,0.705775509647789,0.6194657281439614
48,0.6953756950382829,0.7070866231687413,0.5873205122691365
96,0.7045917359539937,0.7165522917778443,0.5351353732107906
96,0.703047190211125,0.712687441524823,0.5505820548277967
168,0.7328718581115904,0.8095406796339676,0.5428424564633347
168,0.7224580605749814,0.7386409404355709,0.5548870930758877
